training_seed,environment_seed,policy,meals,survival,energy,fitness
11,1900000,evolved,36,25.0000000000004,239.38861176909478,1145.5048685240956
11,1900001,evolved,37,25.0000000000004,237.9886016515834,1169.3773635848775
11,1900002,evolved,47,25.0000000000004,239.55524295140927,1479.8318332983508
11,1900003,evolved,46,25.0000000000004,239.06799999999993,1450.037359134096
11,1900004,evolved,43,25.0000000000004,239.27523394240822,1359.813157737297
11,1900005,evolved,41,25.0000000000004,239.37929961074727,1299.8685965633024
11,1900006,evolved,46,25.0000000000004,239.2242197917115,1447.7672818072751
11,1900007,evolved,26,25.0000000000004,200.23466666666354,824.1333521689112
11,1900008,evolved,39,25.0000000000004,239.53399999999996,1233.3649758066715
11,1900009,evolved,45,25.0000000000004,239.22333333333327,1419.4163453924198
11,1900010,evolved,44,25.0000000000004,238.62423204536572,1389.400288412514
11,1900011,evolved,39,25.0000000000004,239.37866666666662,1234.5325234576762
11,1900012,evolved,38,25.0000000000004,240,1202.464798011736
11,1900013,evolved,47,25.0000000000004,238.46494515158457,1477.3258638979837
11,1900014,evolved,45,25.0000000000004,237.20779204771125,1416.4849484818192
11,1900015,evolved,47,25.0000000000004,240,1480.245816717248
11,1900016,evolved,43,25.0000000000004,237.6971398198195,1355.5823732102695
11,1900017,evolved,11,25.0000000000004,152.48285132963326,345.93849311095465
11,1900018,evolved,36,25.0000000000004,236.15368901711076,1146.4000178489075
11,1900019,evolved,38,25.0000000000004,239.38409652090405,1204.5654356932723
11,1900000,initial_best,8,25.0000000000004,230.62395220552438,254.68670097864896
11,1900001,initial_best,1,25.0000000000004,74.04162450316171,31.48217234165683
11,1900002,initial_best,3,25.0000000000004,144.67823744013288,95.25484637356496
11,1900003,initial_best,4,25.0000000000004,179.55602001543681,126.601602321329
11,1900004,initial_best,12,25.0000000000004,237.45380803703893,379.1178150804599
11,1900005,initial_best,14,25.0000000000004,234.3704770297543,440.39336480078003
11,1900006,initial_best,15,25.0000000000004,223.825074758661,472.43838241268867
11,1900007,initial_best,7,25.0000000000004,201.1412866954219,220.42736563265962
11,1900008,initial_best,10,25.0000000000004,234.74378608466617,316.1640349574193
11,1900009,initial_best,3,25.0000000000004,142.41343579075402,95.10078198618095
11,1900010,initial_best,13,25.0000000000004,239.40753631811543,411.52885067642967
11,1900011,initial_best,4,25.0000000000004,181.07230639577196,126.80258725425834
11,1900012,initial_best,5,25.0000000000004,211.3272949514562,158.48893047590042
11,1900013,initial_best,10,25.0000000000004,195.90682441510717,316.98301007668596
11,1900014,initial_best,18,25.0000000000004,221.84484034411025,563.452629924363
11,1900015,initial_best,11,25.0000000000004,212.71286696156176,349.57602517725326
11,1900016,initial_best,11,25.0000000000004,239.46776147592905,349.06900564407294
11,1900017,initial_best,12,25.0000000000004,225.94756120077724,380.6197672274634
11,1900018,initial_best,16,25.0000000000004,234.33050158054192,505.6861965191
11,1900019,initial_best,12,25.0000000000004,230.9301125446496,385.5722949310874
11,1900000,random_brain,1,25.0000000000004,58.65211798612807,27.85408102330441
11,1900001,random_brain,1,25.0000000000004,57.07685930830708,31.549546156138963
11,1900002,random_brain,0,25.0000000000004,26.252197414766364,-14.667663311426708
11,1900003,random_brain,1,25.0000000000004,43.75919617750546,23.387641480863433
11,1900004,random_brain,0,25.0000000000004,24.14566810223767,0.0910013151826119
11,1900005,random_brain,0,25.0000000000004,23.953779514802726,0.29645340290457645
11,1900006,random_brain,0,25.0000000000004,1.775955737690625,0.7877682562964583
11,1900007,random_brain,0,25.0000000000004,3.881356714746309,-0.018973304294182314
11,1900008,random_brain,1,25.0000000000004,61.63692346071653,30.075942440758546
11,1900009,random_brain,0,25.0000000000004,7.125527342613201,-22.23087808438327
11,1900010,random_brain,0,25.0000000000004,9.968069353151332,-0.1424819903188823
11,1900011,random_brain,0,25.0000000000004,5.3965592430368385,-1.917693036600891
11,1900012,random_brain,4,25.0000000000004,147.3560789726095,126.12631693168805
11,1900013,random_brain,1,25.0000000000004,32.59192646669829,30.65604301271657
11,1900014,random_brain,0,25.0000000000004,21.195397606329983,-18.61527823975968
11,1900015,random_brain,0,24.66666666666705,0,-3.2512652850193833
11,1900016,random_brain,1,25.0000000000004,31.9797913920941,29.30206037209238
11,1900017,random_brain,0,25.0000000000004,5.702534638988941,-23.307542237998646
11,1900018,random_brain,0,24.700000000000387,0,-1.8823488961846522
11,1900019,random_brain,1,25.0000000000004,71.87918151143145,33.37492793309166
11,1900000,random_walk,5,25.0000000000004,173.49999999999633,154.68004894036142
11,1900001,random_walk,5,25.0000000000004,173.49999999999585,156.99930447684542
11,1900002,random_walk,3,25.0000000000004,97.50000000000021,90.5063134939046
11,1900003,random_walk,7,25.0000000000004,218.56399999999832,218.01409908305868
11,1900004,random_walk,6,25.0000000000004,211.49999999999395,182.7690320394412
11,1900005,random_walk,4,25.0000000000004,135.49999999999528,123.48762052084327
11,1900006,random_walk,4,25.0000000000004,135.50000000000048,125.64300514282364
11,1900007,random_walk,2,25.0000000000004,59.500000000001364,61.27707703735274
11,1900008,random_walk,2,25.0000000000004,59.499999999997485,62.49334734949317
11,1900009,random_walk,3,25.0000000000004,97.5000000000015,91.44001359936195
11,1900010,random_walk,0,21.466666666666892,0,1.4338138500435254
11,1900011,random_walk,6,25.0000000000004,211.49999999999153,185.3009709878383
11,1900012,random_walk,13,25.0000000000004,235.02933333333294,406.35335079502016
11,1900013,random_walk,2,25.0000000000004,59.500000000001506,64.02961811186654
11,1900014,random_walk,4,25.0000000000004,135.49999999999963,122.29261475877814
11,1900015,random_walk,2,25.0000000000004,59.500000000001506,61.79879657841974
11,1900016,random_walk,0,21.466666666666892,0,-1.2073766619836233
11,1900017,random_walk,0,21.466666666666892,0,-0.9100558651970161
11,1900018,random_walk,2,25.0000000000004,59.500000000001364,61.40395868004362
11,1900019,random_walk,3,25.0000000000004,97.49999999999771,92.15844157841161
11,1900000,greedy,43,25.0000000000004,239.6893333333333,1365.5
11,1900001,greedy,50,25.0000000000004,238.75733333333324,1575.5
11,1900002,greedy,49,25.0000000000004,238.91266666666658,1545.5
11,1900003,greedy,51,25.0000000000004,236.8933333333331,1605.5
11,1900004,greedy,47,25.0000000000004,238.91266666666658,1485.5
11,1900005,greedy,45,25.0000000000004,239.22333333333327,1425.5
11,1900006,greedy,50,25.0000000000004,235.33999999999963,1575.5
11,1900007,greedy,47,25.0000000000004,239.06799999999993,1485.5
11,1900008,greedy,44,25.0000000000004,239.06799999999993,1395.5
11,1900009,greedy,45,25.0000000000004,239.6893333333333,1425.4988093071906
11,1900010,greedy,40,25.0000000000004,237.20399999999978,1273.8
11,1900011,greedy,44,25.0000000000004,236.8933333333331,1395.5
11,1900012,greedy,49,25.0000000000004,238.2913333333332,1545.4889240193706
11,1900013,greedy,54,25.0000000000004,240,1695.5
11,1900014,greedy,44,25.0000000000004,238.75733333333324,1395.5
11,1900015,greedy,48,25.0000000000004,238.75733333333324,1515.5
11,1900016,greedy,52,25.0000000000004,238.6019999999999,1635.5
11,1900017,greedy,44,25.0000000000004,235.33999999999963,1388.3
11,1900018,greedy,31,25.0000000000004,231.30133333333265,985.3999999999999
11,1900019,greedy,46,25.0000000000004,239.22333333333327,1455.5
22,1900000,evolved,24,25.0000000000004,233.38079293438113,764.9510539530553
22,1900001,evolved,32,25.0000000000004,238.51781651147198,1005.8979448826863
22,1900002,evolved,35,25.0000000000004,239.09730154006292,1098.983916421054
22,1900003,evolved,31,25.0000000000004,239.39177778333627,976.0124758853023
22,1900004,evolved,30,25.0000000000004,234.45106288204371,945.3506485854929
22,1900005,evolved,39,25.0000000000004,237.68163554982374,1231.0830537834731
22,1900006,evolved,31,25.0000000000004,236.35699272795287,983.0478934038352
22,1900007,evolved,35,25.0000000000004,236.13078178089214,1101.2501801668564
22,1900008,evolved,29,25.0000000000004,227.73800662158405,909.186966556925
22,1900009,evolved,21,25.0000000000004,236.4262605953546,667.7780503259456
22,1900010,evolved,32,25.0000000000004,238.01312323509902,1010.4950112319434
22,1900011,evolved,35,25.0000000000004,239.86449953542032,1107.0430331953291
22,1900012,evolved,33,25.0000000000004,237.77768034335352,1044.5861010952644
22,1900013,evolved,35,25.0000000000004,237.5156603574557,1101.1300541495
22,1900014,evolved,37,25.0000000000004,238.3223336556518,1158.9312339184705
22,1900015,evolved,32,25.0000000000004,234.9477297068382,1015.3366073690372
22,1900016,evolved,26,25.0000000000004,233.22655150336485,821.9826613408994
22,1900017,evolved,38,25.0000000000004,238.33057392220897,1195.7400677208502
22,1900018,evolved,28,25.0000000000004,233.94199999999952,883.1073806890212
22,1900019,evolved,28,25.0000000000004,224.3119959639228,887.1778141727992
22,1900000,initial_best,1,25.0000000000004,65.614305606165,31.52220610005227
22,1900001,initial_best,0,25.0000000000004,30.85881521607694,1.1102324936205898
22,1900002,initial_best,5,25.0000000000004,216.8897039624029,156.0904444095728
22,1900003,initial_best,8,25.0000000000004,229.726515246318,253.55407168286598
22,1900004,initial_best,2,25.0000000000004,104.4451765843605,61.71364554737378
22,1900005,initial_best,3,25.0000000000004,143.327289131481,94.55297960542336
22,1900006,initial_best,1,25.0000000000004,60.185900914647554,31.76131977749198
22,1900007,initial_best,7,25.0000000000004,200.23383630891087,219.94695754793054
22,1900008,initial_best,0,25.0000000000004,31.38836130064857,0.676791708816469
22,1900009,initial_best,2,25.0000000000004,102.7213966507515,64.05827916669956
22,1900010,initial_best,0,25.0000000000004,24.803582223818772,0.32197753787980243
22,1900011,initial_best,1,25.0000000000004,69.52043630593381,31.000830652398754
22,1900012,initial_best,0,25.0000000000004,33.00438547298537,1.2508966358303915
22,1900013,initial_best,3,25.0000000000004,136.09825562461555,98.89918622544536
22,1900014,initial_best,9,25.0000000000004,231.75180020922838,278.78022207975766
22,1900015,initial_best,1,25.0000000000004,51.870651173780196,32.316443163099954
22,1900016,initial_best,1,25.0000000000004,67.08272595696086,28.557619572662244
22,1900017,initial_best,5,25.0000000000004,203.92392013174734,158.1965874075583
22,1900018,initial_best,3,25.0000000000004,146.38937185159938,93.96177768817235
22,1900019,initial_best,1,25.0000000000004,66.88865028003406,32.9206567661409
22,1900000,random_brain,2,25.0000000000004,99.4568054115944,63.07306311688986
22,1900001,random_brain,1,25.0000000000004,59.26871997579022,30.174905053126068
22,1900002,random_brain,1,25.0000000000004,36.29951340969168,30.549991640300682
22,1900003,random_brain,0,25.0000000000004,4.132134038587389,-2.689517493952112
22,1900004,random_brain,0,25.0000000000004,12.357768822811806,-5.544750093207655
22,1900005,random_brain,1,25.0000000000004,65.4213487353854,31.273444665523268
22,1900006,random_brain,0,22.600000000000282,0,-0.7746906305001748
22,1900007,random_brain,0,25.0000000000004,24.393789203806776,-7.938413207518365
22,1900008,random_brain,4,25.0000000000004,168.4984160269469,125.64992867307369
22,1900009,random_brain,4,25.0000000000004,180.63280978465093,124.65507081180459
22,1900010,random_brain,2,25.0000000000004,65.29059955823294,61.71575517434782
22,1900011,random_brain,1,25.0000000000004,51.450787242441535,13.939716525536074
22,1900012,random_brain,0,25.0000000000004,32.89144587096524,-0.8137561267388782
22,1900013,random_brain,2,25.0000000000004,99.43196291176426,62.89184917882616
22,1900014,random_brain,0,25.0000000000004,20.002965851634062,-0.9016693104749509
22,1900015,random_brain,5,25.0000000000004,176.8998839968834,155.1158846749312
22,1900016,random_brain,9,25.0000000000004,208.53901265028236,280.86455485176947
22,1900017,random_brain,2,25.0000000000004,100.26065004787165,61.2273678336008
22,1900018,random_brain,7,25.0000000000004,175.31201144708754,218.9987222611275
22,1900019,random_brain,2,25.0000000000004,79.39706316592492,60.93583269167689
22,1900000,random_walk,5,25.0000000000004,173.49999999999633,154.68004894036142
22,1900001,random_walk,5,25.0000000000004,173.49999999999585,156.99930447684542
22,1900002,random_walk,3,25.0000000000004,97.50000000000021,90.5063134939046
22,1900003,random_walk,7,25.0000000000004,218.56399999999832,218.01409908305868
22,1900004,random_walk,6,25.0000000000004,211.49999999999395,182.7690320394412
22,1900005,random_walk,4,25.0000000000004,135.49999999999528,123.48762052084327
22,1900006,random_walk,4,25.0000000000004,135.50000000000048,125.64300514282364
22,1900007,random_walk,2,25.0000000000004,59.500000000001364,61.27707703735274
22,1900008,random_walk,2,25.0000000000004,59.499999999997485,62.49334734949317
22,1900009,random_walk,3,25.0000000000004,97.5000000000015,91.44001359936195
22,1900010,random_walk,0,21.466666666666892,0,1.4338138500435254
22,1900011,random_walk,6,25.0000000000004,211.49999999999153,185.3009709878383
22,1900012,random_walk,13,25.0000000000004,235.02933333333294,406.35335079502016
22,1900013,random_walk,2,25.0000000000004,59.500000000001506,64.02961811186654
22,1900014,random_walk,4,25.0000000000004,135.49999999999963,122.29261475877814
22,1900015,random_walk,2,25.0000000000004,59.500000000001506,61.79879657841974
22,1900016,random_walk,0,21.466666666666892,0,-1.2073766619836233
22,1900017,random_walk,0,21.466666666666892,0,-0.9100558651970161
22,1900018,random_walk,2,25.0000000000004,59.500000000001364,61.40395868004362
22,1900019,random_walk,3,25.0000000000004,97.49999999999771,92.15844157841161
22,1900000,greedy,43,25.0000000000004,239.6893333333333,1365.5
22,1900001,greedy,50,25.0000000000004,238.75733333333324,1575.5
22,1900002,greedy,49,25.0000000000004,238.91266666666658,1545.5
22,1900003,greedy,51,25.0000000000004,236.8933333333331,1605.5
22,1900004,greedy,47,25.0000000000004,238.91266666666658,1485.5
22,1900005,greedy,45,25.0000000000004,239.22333333333327,1425.5
22,1900006,greedy,50,25.0000000000004,235.33999999999963,1575.5
22,1900007,greedy,47,25.0000000000004,239.06799999999993,1485.5
22,1900008,greedy,44,25.0000000000004,239.06799999999993,1395.5
22,1900009,greedy,45,25.0000000000004,239.6893333333333,1425.4988093071906
22,1900010,greedy,40,25.0000000000004,237.20399999999978,1273.8
22,1900011,greedy,44,25.0000000000004,236.8933333333331,1395.5
22,1900012,greedy,49,25.0000000000004,238.2913333333332,1545.4889240193706
22,1900013,greedy,54,25.0000000000004,240,1695.5
22,1900014,greedy,44,25.0000000000004,238.75733333333324,1395.5
22,1900015,greedy,48,25.0000000000004,238.75733333333324,1515.5
22,1900016,greedy,52,25.0000000000004,238.6019999999999,1635.5
22,1900017,greedy,44,25.0000000000004,235.33999999999963,1388.3
22,1900018,greedy,31,25.0000000000004,231.30133333333265,985.3999999999999
22,1900019,greedy,46,25.0000000000004,239.22333333333327,1455.5
33,1900000,evolved,40,25.0000000000004,237.46477062320605,1262.5268269916019
33,1900001,evolved,40,25.0000000000004,238.76310735787334,1265.2633997675482
33,1900002,evolved,34,25.0000000000004,223.19300048011746,1078.3257398391545
33,1900003,evolved,40,25.0000000000004,237.03741533543558,1266.312070050333
33,1900004,evolved,41,25.0000000000004,237.1090320728034,1295.279125974375
33,1900005,evolved,41,25.0000000000004,236.59289740568195,1294.8905910538774
33,1900006,evolved,48,25.0000000000004,238.78662899892433,1506.3697387746636
33,1900007,evolved,50,25.0000000000004,239.22333333333327,1569.3947733798047
33,1900008,evolved,41,25.0000000000004,237.67237816545529,1299.3548287514789
33,1900009,evolved,36,25.0000000000004,239.38186171816943,1143.415272377479
33,1900010,evolved,39,25.0000000000004,237.82533333333316,1234.2227974993123
33,1900011,evolved,42,25.0000000000004,237.5201944619699,1329.8272383080457
33,1900012,evolved,48,25.0000000000004,235.8621779006829,1509.1420763816216
33,1900013,evolved,44,25.0000000000004,237.05400519527814,1387.1941797878658
33,1900014,evolved,41,25.0000000000004,239.39488768970412,1295.9236636124654
33,1900015,evolved,45,25.0000000000004,239.53399999999996,1414.73853725696
33,1900016,evolved,42,25.0000000000004,239.22333333333327,1321.978016463523
33,1900017,evolved,11,25.0000000000004,183.74882048079607,346.01721950136675
33,1900018,evolved,32,25.0000000000004,225.975546336473,1014.9043866950087
33,1900019,evolved,39,25.0000000000004,240,1239.7545877765435
33,1900000,initial_best,5,25.0000000000004,211.36737215375405,155.77527855463154
33,1900001,initial_best,1,25.0000000000004,58.09672351019018,30.98346988748785
33,1900002,initial_best,7,25.0000000000004,212.96018417424534,220.78462867369817
33,1900003,initial_best,9,25.0000000000004,237.48872037332342,285.0147702030505
33,1900004,initial_best,4,25.0000000000004,174.0395554312055,123.10649847492842
33,1900005,initial_best,5,25.0000000000004,209.16275509458515,157.89163498424023
33,1900006,initial_best,2,25.0000000000004,97.71136775036427,63.58741829852509
33,1900007,initial_best,5,25.0000000000004,218.8746292243206,157.34041386621826
33,1900008,initial_best,0,25.0000000000004,24.791656783578475,1.0035612905746487
33,1900009,initial_best,1,25.0000000000004,59.71404158068624,31.088607232229666
33,1900010,initial_best,0,25.0000000000004,17.092545953191095,1.311600779338538
33,1900011,initial_best,0,25.0000000000004,17.482919218723307,-1.236432094769222
33,1900012,initial_best,6,25.0000000000004,185.56185658129678,191.67329626279232
33,1900013,initial_best,3,25.0000000000004,140.04654545297558,95.12945351908493
33,1900014,initial_best,5,25.0000000000004,208.81901408815946,156.42199096085687
33,1900015,initial_best,0,25.0000000000004,27.350027507753822,0.5306699479255463
33,1900016,initial_best,2,25.0000000000004,94.27975966231678,63.08477007092432
33,1900017,initial_best,4,25.0000000000004,170.05805154875165,122.73711392527602
33,1900018,initial_best,7,25.0000000000004,224.79450275957944,219.1337312911745
33,1900019,initial_best,7,25.0000000000004,226.82846443543835,221.2365026180786
33,1900000,random_brain,0,25.0000000000004,17.128665179895147,0.7376280703993778
33,1900001,random_brain,0,22.066666666666922,0,-0.6927833866559345
33,1900002,random_brain,1,25.0000000000004,28.495912737048666,30.910505978803112
33,1900003,random_brain,3,25.0000000000004,134.77372599490016,91.12888764603656
33,1900004,random_brain,0,25.0000000000004,25.035394989638103,-8.188214091239939
33,1900005,random_brain,0,25.0000000000004,13.949265727255918,-14.410848674398537
33,1900006,random_brain,0,25.0000000000004,26.1074510367577,-14.139441697155974
33,1900007,random_brain,0,25.0000000000004,4.423622378558451,-0.5062729097838097
33,1900008,random_brain,2,25.0000000000004,59.9394637342261,62.472092588552265
33,1900009,random_brain,1,25.0000000000004,39.70308808415948,31.13479982713026
33,1900010,random_brain,0,25.0000000000004,14.845939365190008,-0.5072099561172343
33,1900011,random_brain,1,25.0000000000004,45.73052030111496,27.359406845962088
33,1900012,random_brain,0,25.0000000000004,31.60964245678961,0.22008626231923428
33,1900013,random_brain,1,25.0000000000004,51.56123529040188,23.19168579662912
33,1900014,random_brain,0,25.0000000000004,36.86247158662962,0.6222199715099549
33,1900015,random_brain,2,25.0000000000004,111.35428662745221,61.985600917072034
33,1900016,random_brain,0,25.0000000000004,19.046442110481262,-1.4815012098616358
33,1900017,random_brain,3,25.0000000000004,142.48980398073402,92.72473546053286
33,1900018,random_brain,4,25.0000000000004,175.64508107855286,123.18379330041475
33,1900019,random_brain,0,25.0000000000004,2.138104579374577,-1.92062255705568
33,1900000,random_walk,5,25.0000000000004,173.49999999999633,154.68004894036142
33,1900001,random_walk,5,25.0000000000004,173.49999999999585,156.99930447684542
33,1900002,random_walk,3,25.0000000000004,97.50000000000021,90.5063134939046
33,1900003,random_walk,7,25.0000000000004,218.56399999999832,218.01409908305868
33,1900004,random_walk,6,25.0000000000004,211.49999999999395,182.7690320394412
33,1900005,random_walk,4,25.0000000000004,135.49999999999528,123.48762052084327
33,1900006,random_walk,4,25.0000000000004,135.50000000000048,125.64300514282364
33,1900007,random_walk,2,25.0000000000004,59.500000000001364,61.27707703735274
33,1900008,random_walk,2,25.0000000000004,59.499999999997485,62.49334734949317
33,1900009,random_walk,3,25.0000000000004,97.5000000000015,91.44001359936195
33,1900010,random_walk,0,21.466666666666892,0,1.4338138500435254
33,1900011,random_walk,6,25.0000000000004,211.49999999999153,185.3009709878383
33,1900012,random_walk,13,25.0000000000004,235.02933333333294,406.35335079502016
33,1900013,random_walk,2,25.0000000000004,59.500000000001506,64.02961811186654
33,1900014,random_walk,4,25.0000000000004,135.49999999999963,122.29261475877814
33,1900015,random_walk,2,25.0000000000004,59.500000000001506,61.79879657841974
33,1900016,random_walk,0,21.466666666666892,0,-1.2073766619836233
33,1900017,random_walk,0,21.466666666666892,0,-0.9100558651970161
33,1900018,random_walk,2,25.0000000000004,59.500000000001364,61.40395868004362
33,1900019,random_walk,3,25.0000000000004,97.49999999999771,92.15844157841161
33,1900000,greedy,43,25.0000000000004,239.6893333333333,1365.5
33,1900001,greedy,50,25.0000000000004,238.75733333333324,1575.5
33,1900002,greedy,49,25.0000000000004,238.91266666666658,1545.5
33,1900003,greedy,51,25.0000000000004,236.8933333333331,1605.5
33,1900004,greedy,47,25.0000000000004,238.91266666666658,1485.5
33,1900005,greedy,45,25.0000000000004,239.22333333333327,1425.5
33,1900006,greedy,50,25.0000000000004,235.33999999999963,1575.5
33,1900007,greedy,47,25.0000000000004,239.06799999999993,1485.5
33,1900008,greedy,44,25.0000000000004,239.06799999999993,1395.5
33,1900009,greedy,45,25.0000000000004,239.6893333333333,1425.4988093071906
33,1900010,greedy,40,25.0000000000004,237.20399999999978,1273.8
33,1900011,greedy,44,25.0000000000004,236.8933333333331,1395.5
33,1900012,greedy,49,25.0000000000004,238.2913333333332,1545.4889240193706
33,1900013,greedy,54,25.0000000000004,240,1695.5
33,1900014,greedy,44,25.0000000000004,238.75733333333324,1395.5
33,1900015,greedy,48,25.0000000000004,238.75733333333324,1515.5
33,1900016,greedy,52,25.0000000000004,238.6019999999999,1635.5
33,1900017,greedy,44,25.0000000000004,235.33999999999963,1388.3
33,1900018,greedy,31,25.0000000000004,231.30133333333265,985.3999999999999
33,1900019,greedy,46,25.0000000000004,239.22333333333327,1455.5
