generation,best_fitness,mean_fitness,best_meals
0,72.06549758189064,21.065535630185934,2.3333333333333335
1,74.3507305710132,30.337035884150065,2.3333333333333335
2,74.3507305710132,33.73234279421984,2.3333333333333335
3,127.06397019156655,36.955470066278245,4
4,127.06397019156655,42.04477285375313,4
5,127.06397019156655,49.33101054158258,4
6,145.87317412547898,65.75963523977211,4.666666666666667
7,155.7701308147354,63.48629327352403,5
8,189.7476597335223,74.67003188850704,6
9,189.7476597335223,76.66084565117414,6
10,189.7476597335223,72.43149797281538,6
11,273.31778961704623,97.90649721754987,8.666666666666666
12,273.31778961704623,79.25933786286366,8.666666666666666
13,273.31778961704623,76.41135669661544,8.666666666666666
14,273.31778961704623,94.86223034880977,8.666666666666666
15,273.31778961704623,78.70174564945847,8.666666666666666
16,273.31778961704623,82.27561549517121,8.666666666666666
17,273.31778961704623,103.84288144664394,8.666666666666666
18,273.31778961704623,95.38280638625601,8.666666666666666
19,273.31778961704623,104.20277830367233,8.666666666666666
20,273.31778961704623,88.4671728580967,8.666666666666666
