time,population,births,deaths,meals,max_generation,mean_energy,lineages
0.0,36,0,0,0,0,100.0,36
1.0,36,0,0,84,0,182.8422827952976,36
2.0,36,0,0,153,0,218.75210785353175,36
3.0,36,0,0,220,0,228.5999457865303,36
4.0,36,0,0,281,0,230.65525353586904,36
5.0,36,0,0,348,0,232.7402692508113,36
6.0,71,35,0,404,1,141.95423046648347,36
7.0,71,35,0,472,1,168.66976075643012,36
8.0,71,35,0,558,1,189.7447158413222,36
9.0,71,35,0,635,1,197.99730700465975,36
10.0,71,35,0,706,1,202.7759642170282,36
11.0,131,95,0,811,2,132.61208919449143,36
12.0,131,95,0,957,2,158.6314128564328,36
13.0,132,96,0,1086,2,170.57259327336016,36
14.0,133,97,0,1226,2,179.33346241112054,36
15.0,134,98,0,1385,2,193.31255356513321,36
16.0,180,144,0,1522,3,158.16152785595267,36
17.0,180,144,0,1663,3,170.45751917926992,36
18.0,180,144,0,1812,3,181.86017495229837,36
19.0,180,144,0,1945,3,187.87513325579627,36
20.0,180,144,0,2121,3,195.82365272731096,36
21.0,180,144,0,2284,3,202.22302803361228,36
22.0,180,144,0,2456,3,206.20737927963975,36
23.0,180,144,0,2625,3,209.35692228227506,36
24.0,180,144,0,2812,3,214.06510920247226,36
25.0,180,144,0,2981,3,216.1971924748857,36
26.0,180,144,0,3155,3,217.9267578324903,36
27.0,180,144,0,3311,3,218.251037516452,36
28.0,180,144,0,3470,3,219.19316929975218,36
29.0,180,144,0,3613,3,219.41385546511964,36
30.0,180,144,0,3757,3,219.70580136367582,36
31.0,180,144,0,3915,3,219.61380225819832,36
32.0,180,144,0,4083,3,219.52043859926016,36
33.0,180,144,0,4242,3,219.16229344729803,36
34.0,180,145,1,4401,3,218.50564205117962,36
35.0,180,145,1,4548,3,218.02887470119907,36
36.0,180,145,1,4693,3,217.28009966545193,36
37.0,180,146,2,4837,3,216.63449971075363,36
38.0,180,146,2,4956,3,216.18418142630705,36
39.0,180,147,3,5079,3,215.64518970716352,36
40.0,180,147,3,5215,3,216.38588526551314,36
41.0,180,147,3,5322,3,216.27040816316656,36
42.0,180,147,3,5460,3,215.66845392001605,36
43.0,180,147,3,5571,3,214.73971139023823,36
44.0,180,147,3,5701,3,213.97186685777055,36
45.0,180,148,4,5824,3,214.00615509466846,36
46.0,180,148,4,5966,3,215.10369498821984,36
47.0,180,148,4,6105,3,216.70821487495405,36
48.0,180,148,4,6251,3,216.15505002138966,36
49.0,180,149,5,6389,3,215.47986992531676,36
50.0,180,149,5,6555,3,216.0172336385354,36
51.0,180,150,6,6706,3,215.73748042573493,36
52.0,180,150,6,6865,3,215.26342171909124,36
53.0,180,151,7,7021,3,215.8654535720098,36
54.0,180,151,7,7151,3,216.01149853847693,36
55.0,180,151,7,7304,3,216.99361860615366,36
56.0,180,151,7,7469,3,217.28388369362648,36
57.0,180,151,7,7607,3,216.21718913675096,36
58.0,180,152,8,7773,3,215.66387242022958,36
59.0,180,152,8,7929,3,215.2515755320211,36
60.0,180,153,9,8065,3,215.73278993562693,36
61.0,180,153,9,8227,3,216.19057461922822,36
62.0,180,153,9,8381,3,215.92766149970853,36
63.0,180,154,10,8516,3,215.31786284763666,36
64.0,180,154,10,8674,3,215.20732290270732,36
65.0,180,154,10,8821,3,215.91667853709257,36
66.0,180,154,10,8952,3,216.40964272936984,36
67.0,180,154,10,9082,3,215.8123087151437,36
68.0,180,154,10,9192,3,216.03856131029607,36
69.0,180,154,10,9288,3,214.15296971094847,36
70.0,180,154,10,9393,3,212.97396280598053,36
71.0,180,154,10,9538,3,214.83237331320524,36
72.0,180,154,10,9680,3,215.48844082702664,36
73.0,180,154,10,9802,3,215.49719514676787,36
74.0,180,154,10,9930,3,214.59684496068303,36
75.0,180,154,10,10064,3,215.062438866697,36
76.0,180,154,10,10190,3,214.6921340655663,36
77.0,180,154,10,10319,3,215.7090507801739,36
78.0,180,154,10,10482,3,217.5463989085572,36
79.0,180,154,10,10638,3,217.15130188720136,36
80.0,180,155,11,10800,3,216.67463192565924,36
81.0,180,155,11,10955,3,217.68323357623424,36
82.0,180,155,11,11113,3,217.52963688473687,36
83.0,180,155,11,11261,3,218.01882028475197,36
84.0,180,155,11,11393,3,217.32340534145362,36
85.0,180,155,11,11611,3,218.61652949551433,36
86.0,180,155,11,11772,3,217.61180097096755,36
87.0,180,155,11,11933,3,217.0306940728797,36
88.0,180,155,11,12098,3,217.49551846555602,36
89.0,180,155,11,12236,3,216.56883638938595,36
90.0,180,155,11,12360,3,215.97257721516715,36
91.0,180,155,11,12499,3,215.33019112346204,36
92.0,180,155,11,12646,3,215.1292192521939,36
93.0,180,155,11,12797,3,214.40548495345854,36
94.0,180,155,11,12965,3,215.974783799455,36
95.0,180,155,11,13124,3,216.4460384910211,36
96.0,180,156,12,13260,3,215.99302728843787,36
97.0,180,156,12,13393,3,215.43252843994242,36
98.0,180,157,13,13520,3,214.622878421082,36
99.0,180,157,13,13659,3,215.08744512572048,36
100.0,180,157,13,13780,3,214.34753141029518,36
101.0,180,158,14,13915,3,213.66638996675263,36
102.0,180,159,15,14063,3,212.6396667698387,36
103.0,180,160,16,14227,3,213.71171287914405,36
104.0,180,160,16,14373,3,214.92730134347815,36
105.0,180,160,16,14545,3,217.55165036409292,36
106.0,180,160,16,14692,3,217.4407385394705,36
107.0,180,160,16,14826,3,217.86367984833015,36
108.0,180,160,16,15027,3,219.40447933436815,36
109.0,180,160,16,15195,3,218.78006010093353,36
110.0,180,161,17,15346,3,218.3917259232971,36
111.0,180,161,17,15495,3,217.4009383611747,36
112.0,180,161,17,15626,3,216.52155425067673,36
113.0,180,161,17,15768,3,216.61350976189095,36
114.0,180,161,17,15907,3,216.63967729458543,36
115.0,180,161,17,16047,3,216.25063712131163,36
116.0,180,161,17,16179,3,216.5849417760059,36
117.0,180,161,17,16329,3,217.3019513536221,36
118.0,180,161,17,16469,3,218.58558425183767,36
119.0,180,161,17,16616,3,218.1577557632826,36
120.0,180,161,17,16751,3,218.0027195281621,36
121.0,180,161,17,16861,3,217.5814185755621,36
122.0,180,161,17,16955,3,215.5077027883913,36
123.0,180,161,17,17070,3,215.17502539234152,36
124.0,180,161,17,17208,3,215.02434346433753,36
125.0,180,162,18,17354,3,215.50598780170418,36
126.0,180,162,18,17511,3,215.30941850882093,36
127.0,180,162,18,17668,3,215.68320894874444,36
128.0,180,163,19,17826,3,216.17341669945628,36
129.0,180,163,19,17978,3,215.78567033445344,36
130.0,180,163,19,18108,3,215.63650835665544,36
131.0,180,165,21,18251,3,215.81111253913056,36
132.0,180,165,21,18363,3,215.0578081995176,36
133.0,180,165,21,18464,3,214.53191931840078,36
134.0,180,165,21,18579,3,214.3936544393272,36
135.0,180,165,21,18678,3,214.57938790469146,36
136.0,180,165,21,18788,3,215.1099115638854,36
137.0,180,165,21,18929,3,215.45847506177836,36
138.0,180,165,21,19052,3,215.7425038843425,36
139.0,180,165,21,19170,3,215.3497615716201,36
140.0,180,165,21,19323,3,217.3587924930572,36
141.0,180,165,21,19473,3,216.5434306617432,36
142.0,180,165,21,19627,3,216.48435497405399,36
143.0,180,165,21,19781,3,216.23671143902155,36
144.0,180,165,21,19948,3,217.1044374556101,36
145.0,180,165,21,20111,3,217.63741854648333,36
146.0,180,165,21,20263,3,217.27490907021837,36
147.0,180,165,21,20395,3,217.10538633893185,36
148.0,180,165,21,20510,3,215.85575700070075,36
149.0,180,165,21,20622,3,215.6816500003923,36
150.0,180,165,21,20747,3,216.28353820600643,36
151.0,180,166,22,20901,3,216.48225602071807,36
152.0,180,166,22,21033,3,216.83687442052502,36
153.0,180,166,22,21181,3,216.82981429974376,36
154.0,180,166,22,21320,3,216.57014929539218,36
155.0,180,167,23,21458,3,216.21153025330136,36
156.0,180,167,23,21595,3,215.84259636628454,36
157.0,180,167,23,21742,3,217.01868354512152,36
158.0,180,168,24,21849,4,216.62462937557572,36
159.0,180,168,24,21962,4,216.84311364607711,36
160.0,180,169,25,22089,4,216.6672901568043,36
161.0,180,169,25,22205,4,217.00396641657252,36
162.0,180,169,25,22329,4,217.07655330401442,36
163.0,180,169,25,22465,4,217.09614409732544,36
164.0,180,169,25,22580,4,215.86225117302885,36
165.0,180,169,25,22691,4,216.00910040509717,36
166.0,180,169,25,22841,4,219.71622682328467,36
167.0,180,169,25,22976,4,219.16586413666198,36
168.0,180,169,25,23116,4,220.0478807129346,36
169.0,180,169,25,23275,4,220.62144662866626,36
170.0,180,169,25,23402,4,221.11440579802272,36
171.0,180,169,25,23549,4,220.86797679341169,36
172.0,180,169,25,23707,4,221.71467316884994,36
173.0,180,169,25,23892,4,222.04094259549225,36
174.0,180,169,25,24045,4,220.8284187502509,36
175.0,180,169,25,24209,4,220.2092045147457,36
176.0,180,169,25,24377,4,220.71964925695707,36
177.0,180,169,25,24540,4,220.41269110166508,36
178.0,180,169,25,24667,4,218.75444615209523,36
179.0,180,169,25,24806,4,218.57797583666144,36
180.0,180,169,25,24923,4,217.3033823258179,36
181.0,180,169,25,25060,4,216.14864406581313,36
182.0,180,169,25,25216,4,216.50164779041842,36
183.0,180,169,25,25365,4,215.31533682066453,36
184.0,180,169,25,25535,4,215.20491116753297,36
185.0,180,169,25,25720,4,215.6271466033093,36
186.0,180,169,25,25872,4,216.3674820113219,36
187.0,180,169,25,26034,4,217.07865575084128,36
188.0,180,169,25,26175,4,217.44717737198928,36
189.0,180,169,25,26301,4,217.68833933074967,36
190.0,180,169,25,26436,4,217.09312667508266,36
191.0,180,169,25,26565,4,215.77942782333508,36
192.0,180,169,25,26704,4,215.57472993330578,36
193.0,180,169,25,26867,4,217.19497758749085,36
194.0,180,169,25,27028,4,216.9529872757242,36
195.0,180,169,25,27184,4,217.5361894154272,36
196.0,180,169,25,27312,4,216.3519135311009,36
197.0,180,169,25,27486,4,216.87364998502392,36
198.0,180,170,26,27608,4,215.24373783138643,36
199.0,180,170,26,27747,4,216.01759446921997,36
200.0,180,170,26,27909,4,216.6532996046016,36
201.0,180,170,26,28024,4,216.0777800133245,36
202.0,180,170,26,28174,4,216.2879511814538,36
203.0,180,170,26,28297,4,216.11417950009587,36
204.0,180,170,26,28428,4,216.1985511857609,36
205.0,180,170,26,28556,4,215.21885188923028,36
206.0,180,170,26,28678,4,214.03926415159293,36
207.0,180,170,26,28816,4,214.24926162934736,36
208.0,180,170,26,28943,4,214.37867272954543,36
209.0,180,170,26,29058,4,213.83348085473565,36
210.0,180,170,26,29187,4,212.7031212349619,36
211.0,180,170,26,29293,4,212.08654855668232,36
212.0,180,170,26,29419,4,212.93660338711436,36
213.0,180,170,26,29557,4,213.05433505115656,36
214.0,180,170,26,29702,4,213.28255045275012,36
215.0,180,170,26,29857,4,213.68041773106987,36
216.0,180,170,26,30007,4,213.84268061890918,36
217.0,180,170,26,30162,4,215.27286859736822,36
218.0,180,170,26,30332,4,215.94956604667595,36
219.0,180,170,26,30483,4,215.51319420823944,36
220.0,180,170,26,30637,4,216.15068838290114,36
221.0,180,170,26,30771,4,215.2197554638327,36
222.0,180,170,26,30909,4,213.79174104663443,36
223.0,180,170,26,31036,4,213.72279609891717,36
224.0,180,170,26,31174,4,215.0375240853119,36
225.0,180,171,27,31286,4,214.29350949919854,36
226.0,180,171,27,31423,4,213.30374985400655,36
227.0,180,171,27,31564,4,213.21750562848064,36
228.0,180,171,27,31686,4,212.48923197203254,36
229.0,180,171,27,31815,4,211.91765790912586,36
230.0,180,171,27,31964,4,212.9734352620003,36
231.0,180,171,27,32091,4,211.89555779281667,36
232.0,180,171,27,32215,4,212.2003974815098,36
233.0,180,171,27,32351,4,212.29888960340787,36
234.0,180,172,28,32511,4,213.1097661276605,36
235.0,180,172,28,32698,4,214.20433761516688,36
236.0,180,173,29,32831,4,213.7862820658868,36
237.0,180,173,29,32942,4,212.65893279396337,36
238.0,180,173,29,33077,4,213.64486215513304,36
239.0,180,173,29,33225,4,214.28447596122487,36
240.0,180,173,29,33397,4,214.86422765908807,36
241.0,180,173,29,33593,4,216.09693687436464,36
242.0,180,173,29,33775,4,216.15091727814578,36
243.0,180,173,29,33971,4,217.93132500521727,36
244.0,180,174,30,34161,4,218.99079630004493,36
245.0,180,174,30,34338,4,218.52304312379457,36
246.0,180,174,30,34497,4,218.24631691714006,36
247.0,180,174,30,34674,4,218.46556329039927,36
248.0,180,174,30,34837,4,218.08768582379489,36
249.0,180,175,31,35009,4,218.78900014636872,36
250.0,180,175,31,35170,4,218.6835056436973,36
251.0,180,176,32,35332,4,219.066471222276,36
252.0,180,176,32,35455,4,218.05522226974742,36
253.0,180,176,32,35606,4,218.94752014326315,36
254.0,180,176,32,35754,4,219.83300563912644,36
255.0,180,177,33,35921,4,219.66284609352937,36
256.0,180,177,33,36081,4,221.07795957161423,36
257.0,180,177,33,36237,4,221.74848069944508,36
258.0,180,177,33,36376,4,221.66581171733964,36
259.0,180,177,33,36497,4,221.04830248782488,36
260.0,180,177,33,36619,4,221.05777310117628,36
261.0,180,177,33,36746,4,220.99749155491125,36
262.0,180,177,33,36858,4,220.52921345634917,36
263.0,180,177,33,36979,4,220.3149700496973,36
264.0,180,177,33,37127,4,220.5344652438263,36
265.0,180,177,33,37251,4,220.63874668948867,36
266.0,180,177,33,37355,4,219.83962665729698,36
267.0,180,177,33,37475,4,219.38594844847285,36
268.0,180,177,33,37603,4,219.2634743233609,36
269.0,180,177,33,37738,4,218.30705995831707,36
270.0,180,177,33,37911,4,219.4585746218921,36
271.0,180,177,33,38044,4,219.239378783152,36
272.0,180,177,33,38183,4,219.36978353389156,36
273.0,180,177,33,38307,4,218.28301182844228,36
274.0,180,177,33,38456,4,220.0695512781613,36
275.0,180,177,33,38619,4,221.1275496333057,36
276.0,180,177,33,38806,4,222.58103612052815,36
277.0,180,177,33,38958,4,222.40502493302424,36
278.0,180,177,33,39129,4,224.53077237931768,36
279.0,180,177,33,39293,4,224.65839741790117,36
280.0,180,177,33,39449,4,225.28515302750364,36
281.0,180,177,33,39574,4,224.04069068423289,36
282.0,180,177,33,39680,4,223.0656588339589,36
283.0,179,178,35,39823,4,224.4474674959911,36
284.0,180,179,35,39933,4,223.31064824114608,36
285.0,180,179,35,40039,4,223.0690690440585,36
286.0,180,179,35,40137,4,222.81676002228414,36
287.0,180,179,35,40251,4,222.76131805302515,36
288.0,180,179,35,40347,4,221.98209478471355,36
289.0,180,179,35,40441,4,221.165094619411,36
290.0,180,179,35,40540,4,221.34583736912214,36
291.0,180,179,35,40633,4,220.2044541744308,36
292.0,180,179,35,40733,4,220.92490048246842,36
293.0,180,179,35,40823,4,219.73842823103328,36
294.0,180,180,36,40930,4,219.79532064718305,36
295.0,180,180,36,41046,4,219.27668914850955,36
296.0,180,180,36,41186,4,220.0167413680355,36
297.0,180,180,36,41337,4,221.7908656772617,36
298.0,180,180,36,41493,4,222.64490646219036,36
299.0,180,180,36,41680,4,225.19888865111312,36
300.0,180,180,36,41892,4,225.45158206312368,36
